{
    "train": {
        "accuracy": 0.9295655841417123,
        "top-3 accuracy": 0.9450302263461268,
        "top-5 accuracy": 0.9475608041613947
    },
    "test": {
        "accuracy": 0.806,
        "top-3 accuracy": 0.848,
        "top-5 accuracy": 0.865
    }
}