{
    "train": {
        "accuracy": 0.9246450161675804,
        "top-3 accuracy": 0.9426402361872628,
        "top-5 accuracy": 0.9462955152537608
    },
    "test": {
        "accuracy": 0.801,
        "top-3 accuracy": 0.849,
        "top-5 accuracy": 0.86
    }
}