{
    "train": {
        "accuracy": 0.9312526360185576,
        "top-3 accuracy": 0.9457331646281456,
        "top-5 accuracy": 0.9488260930690285
    },
    "test": {
        "accuracy": 0.807,
        "top-3 accuracy": 0.851,
        "top-5 accuracy": 0.865
    }
}