{
    "train": {
        "accuracy": 0.667650780261493,
        "top-3 accuracy": 0.7811050189793336,
        "top-5 accuracy": 0.8208913257415998
    },
    "test": {
        "accuracy": 0.585,
        "top-3 accuracy": 0.69,
        "top-5 accuracy": 0.727
    }
}